statistic,p_value
798.3623252915504,1.7381226733329712e-171
