method,auc_mean,auc_std,auc_ci_low,auc_ci_high,comp_mean,suff_mean
ig,0.25770052254297177,0.16207113809781362,0.24486931726632105,0.2701129172953815,0.6574943620191502,0.20886788967226114
hybrid_adaptive__norm=sum__amin=0.10__amax=0.60,0.26057910303723325,0.1645639053421304,0.2474657459200062,0.27348129509203734,0.6430531891376154,0.2175940440272609
hybrid_fixed__norm=minmax__alpha=0.60,0.2634614618963241,0.16611076635710903,0.25019778079546545,0.27656516029760103,0.6330925751574417,0.22447153622773347
attention,0.30806784784322244,0.19494913516199455,0.2930452192862254,0.3247532617835577,0.5954675228531275,0.36741633589946027
random,0.45175862734948374,0.14521666274577377,0.4398532535203642,0.46266827408984834,0.2514765252560667,0.6814958006437888
